" Vet-ICD-O-canine-1, First Edition ",,,,,,
Vet-ICD-O-canine-1 code,Group,Term,level,Topography,obs,
8000/0,"Neoplasms, NOS","Neoplasm, benign",Preferred,,,
8000/1,"Neoplasms, NOS","Neoplasm, uncertain whether benign or malignant",Preferred,,,
8000/3,"Neoplasms, NOS","Neoplasm, malignant",Preferred,,,
8000/6,"Neoplasms, NOS","Neoplasm, metastatic",Preferred,,,
8000/9,"Neoplasms, NOS","Neoplasm, malignant, uncertain whether primary or metastatic",Preferred,,,
8001/0,"Neoplasms, NOS","Tumor cells, benign",Preferred,,,
8001/1,"Neoplasms, NOS","Tumor cells, uncertain whether benign or malignant",Preferred,,,
8001/3,"Neoplasms, NOS","Tumor cells, malignant",Preferred,,,
8002/3,"Neoplasms, NOS","Malignant tumor, small cell type",Preferred,,,
8003/3,"Neoplasms, NOS","Malignant tumor, giant cell type",Preferred,,,
8004/3,"Neoplasms, NOS","Malignant tumor, spindle cell type",Preferred,,,
8005/0,"Neoplasms, NOS","Clear cell tumor, NOS",Preferred,,,
8005/3,"Neoplasms, NOS","Malignant tumor, clear cell type",Preferred,,,
8006.1/1,"Neoplasms, NOS","Round cell tumor, NOS",Preferred,,,
8010/2,"Epithelial neoplasms, NOS","Carcinoma in situ, NOS",Preferred,,,
8010/3,"Epithelial neoplasms, NOS","Carcinoma, NOS",Preferred,,,
8010/3,"Epithelial neoplasms, NOS","Epithelial tumor, malignant",Synonym,,,
8010/6,"Epithelial neoplasms, NOS","Carcinoma, metastatic, NOS",Preferred,,,
8010/9,"Epithelial neoplasms, NOS",Carcinomatosis,Preferred,,,
8012/3,"Epithelial neoplasms, NOS","Large cell carcinoma, NOS",Preferred,,,
8013/3,"Epithelial neoplasms, NOS",Large cell neuroendocrine carcinoma,Preferred,,,
8020/3,"Epithelial neoplasms, NOS","Carcinoma, undifferentiated, NOS",Preferred,,,
8020/3,"Epithelial neoplasms, NOS","Carcinoma, poorly differentiated",Synonym,,,
8020/3,"Epithelial neoplasms, NOS","Carcinoma, dedifferentiated",Synonym,,,
8021/3,"Epithelial neoplasms, NOS","Carcinoma, anaplastic, NOS",Preferred,,,
8031/3,"Epithelial neoplasms, NOS",Giant cell carcinoma,Preferred,,,
8032/3,"Epithelial neoplasms, NOS","Spindle cell carcinoma, NOS",Preferred,,,
8032/3,"Epithelial neoplasms, NOS","Spindle cell squamous cell carcinoma       ",Related,,,
8041/3,"Epithelial neoplasms, NOS",Small cell neuroendocrine carcinoma,Preferred,,,
8041/3,"Epithelial neoplasms, NOS","Small cell carcinoma, NOS",Synonym,,,
8050/0,"Epithelial neoplasms, NOS","Papilloma, NOS",Preferred,,,
8050/3,"Epithelial neoplasms, NOS",Papillary adenocarcinoma,Preferred,,,
8051/3,"Epithelial neoplasms, NOS",Verrucous squamous cell carcinoma,Preferred,,,
8051/3,"Epithelial neoplasms, NOS","Verrucous carcinoma, NOS",Synonym,,,
8052/0,"Epithelial neoplasms, NOS",Squamous papilloma,Preferred,,,
8052/0,"Epithelial neoplasms, NOS",Squamous cell papilloma,Synonym,,,
8052/0,"Epithelial neoplasms, NOS",Reactive papilloma,Related,"(C69.0, C69.01)",,
8052/3,"Epithelial neoplasms, NOS",Papillary squamous cell carcinoma,Preferred,,,
8053/0,"Epithelial neoplasms, NOS","Squamous cell papilloma, inverted",Preferred,,,
8070/2,Squamous cell neoplasms,"Squamous cell carcinoma in situ, NOS",Preferred,,,
8070/3,Squamous cell neoplasms,"Squamous cell carcinoma, NOS",Preferred,,,
8070/3,Squamous cell neoplasms,Conventional squamous cell carcinoma,Synonym,,,
8071/0,Squamous cell neoplasms,Infundibular keratinizing acanthoma,Preferred,(C44._),,
8071/0,Squamous cell neoplasms,Keratoacanthoma,Synonym,(C44._),,
8071/0,Squamous cell neoplasms,Intracutaneous cornifying epithelioma,Synonym,(C44._),,
8071.1/0,Squamous cell neoplasms,Nailbed keratoacanthoma,Preferred,"(C44.61, C44.71,C44.92)",,
8071.1/0,Squamous cell neoplasms,Subungueal keratoacanthoma,Synonym,"(C44.61, C44.71,C44.92)",,
8071/3,Squamous cell neoplasms,"Squamous cell carcinoma, keratinizing, NOS",Preferred,,,
8072/3,Squamous cell neoplasms,"Squamous cell carcinoma, nonkeratinizing, NOS",Preferred,,,
8074/3,Squamous cell neoplasms,"Squamous cell carcinoma, spindle cell",Preferred,,,
8074/3,Squamous cell neoplasms,"Squamous cell carcinoma, sarcomatoid",Synonym,,,
8075/3,Squamous cell neoplasms,"Squamous cell carcinoma, acantholytic",Preferred,,,
8075/3,Squamous cell neoplasms,"Squamous cell carcinoma, adenoid",Synonym,"(C01._, C02._, C03._, C04._, C05._, C06._, C09._, C10._, C14._)",,
8075/3,Squamous cell neoplasms,Pseudoangiomatous adenoid squamous cell carcinoma,Related,"(C01._, C02._, C03._, C04._, C05._, C06._, C09._, C10._, C14._)",,
8083/3,Squamous cell neoplasms,Basaloid squamous cell carcinoma,Preferred,,,
8084/3,Squamous cell neoplasms,"Squamous cell carcinoma, clear cell type",Preferred,,,
8090/0,Basal cell neoplasms,Basal cell tumor,Preferred,(C44._),,
8090/3,Basal cell neoplasms,"Basal cell carcinoma, NOS",Preferred,"(C44._, C44.61, C44.71, C44.92)",,
8090.1/3,Basal cell neoplasms,"Basal cell carcinoma, solid cell type",Preferred,(C44._),,
8090.2/3,Basal cell neoplasms,"Basal cell carcinoma, clear cell type",Preferred,(C44._),,
8094/3,Basal cell neoplasms,Basosquamous carcinoma,Preferred,(C44._),,
8100/0,Basal cell neoplasms,"Trichoepitelioma, NOS",Preferred,(C44._),,
8100/3,Basal cell neoplasms,"Trichoepithelioma, malignant",Preferred,(C44._),,
8101/0,Basal cell neoplasms,Trichofolliculoma,Preferred,(C44._),,
8102/0,Basal cell neoplasms,"Tricholemmoma, NOS",Preferred,(C44._),,
8102.1/0,Basal cell neoplasms,"Tricholemmoma, isthmic ",Preferred,(C44._),,
8102.2/0,Basal cell neoplasms,"Tricholemmoma, inferior ",Preferred,(C44._),,
8105.1/0,Basal cell neoplasms,"Trichoblastoma, NOS",Preferred,(C44._),,
8105.2/0,Basal cell neoplasms,"Trichoblastoma, ribbon",Preferred,(C44._),,
8105.3/0,Basal cell neoplasms,"Trichoblastoma, medusoid",Preferred,(C44._),,
8105.4/0,Basal cell neoplasms,"Trichoblastoma, granular cell",Preferred,(C44._),,
8105.5/0,Basal cell neoplasms,"Trichoblastoma, trabecular",Preferred,(C44._),,
8105.6/0,Basal cell neoplasms,"Trichoblastoma, spindle cell",Preferred,(C44._),,
8105.7/0,Basal cell neoplasms,"Trichoblastoma, solid/cystic",Preferred,(C44._),,
8110/0,Basal cell neoplasms,"Pilomatricoma, NOS",Preferred,(C44._),,
8110/0,Basal cell neoplasms,"Pilomatrixoma, NOS",Synonym,(C44._),,
8110/0,Basal cell neoplasms,Necrotizing and calcifying epithelioma of Malherbe,Synonym,(C44._),,
8110/3,Basal cell neoplasms,"Pilomatricoma, malignant",Preferred,(C44._),,
8110/3,Basal cell neoplasms,Pilomatrix carcinoma,Synonym,(C44._),,
8110/3,Basal cell neoplasms,Pilomatrical carcinoma,Synonym,(C44._),,
8110/3,Basal cell neoplasms,Matrical carcinoma,Synonym,(C44._),,
8120/0,Transitional cell papillomas and carcinomas,Urothelial papilloma,Preferred,,,
8120/0,Transitional cell papillomas and carcinomas,Transitional cell papilloma,Synonym,,,
8120/0,Transitional cell papillomas and carcinomas,Transitional papilloma,Synonym,,,
8120/2,Transitional cell papillomas and carcinomas,"Nonpapillary urothelial carcinoma, non infiltrating",Preferred,(C67._),,
8120/2,Transitional cell papillomas and carcinomas,Urothelial carcinoma in situ,Synonym,(C67._),,
8120/3,Transitional cell papillomas and carcinomas,"Urothelial carcinoma, NOS",Preferred,,,
8120/3,Transitional cell papillomas and carcinomas,"Transitional cell carcinoma, NOS",Synonym,,,
8120/3,Transitional cell papillomas and carcinomas,"Transitional carcinoma, NOS",Synonym,,,
8120.1/3,Transitional cell papillomas and carcinomas,"Nonpapillary urothelial carcinoma, infiltrating",Preferred,(C67._),,
8121/0,Transitional cell papillomas and carcinomas,"Sinonasal papilloma, NOS",Preferred,"(C30._, C31._)",,
8130/2,Transitional cell papillomas and carcinomas,"Papillary urothelial carcinoma, non infiltrating",Preferred,(C67._),,
8130/3,Transitional cell papillomas and carcinomas,"Papillary urothelial carcinoma, infiltrating",Preferred,(C67._),,
8140/0,Adenomas and adenocarcinomas,"Adenoma, NOS",Preferred,,,
8140/2,Adenomas and adenocarcinomas,Bronchioloalveolar adenoma,Preferred,(C34._),,
8140/2,Adenomas and adenocarcinomas,"Adenocarcinoma in situ, NOS",Synonym,,,
8140/3,Adenomas and adenocarcinomas,"Adenocarcinoma, NOS",Preferred,,,
8149/0,Adenomas and adenocarcinomas,Canalicular adenoma,Preferred,"(C07._, C08._)",,
8150/0,Adenomas and adenocarcinomas,"Islet cell adenoma   ",Preferred,(C25.4),,
8150/0,Adenomas and adenocarcinomas,"Islet cell tumor, benign",Synonym,(C25.4),,
8150/0,Adenomas and adenocarcinomas,"Pancreatic endocrine tumor, benign",Synonym,(C25.4),,
8150/1,Adenomas and adenocarcinomas,"Pancreatic endocrine tumor, NOS ",Preferred,(C25.4),,
8150/1,Adenomas and adenocarcinomas,"Islet cell tumor, NOS",Synonym,(C25.4),,
8150.1/1,Adenomas and adenocarcinomas,Pancreatic polypeptidoma,Preferred,(C25.4),,
8150/3,Adenomas and adenocarcinomas,"Islet cell carcinoma, NOS",Preferred,(C25.4),,
8150/3,Adenomas and adenocarcinomas,"Islet cell adenocarcinoma  ",Synonym,(C25.4),,
8150/3,Adenomas and adenocarcinomas,"Pancreatic endocrine tumor, malignant  ",Synonym,(C25.4),,
8151/0,Adenomas and adenocarcinomas,"Insulinoma, NOS",Preferred,(C25.4),,
8151/0,Adenomas and adenocarcinomas,"Beta cell adenoma ",Synonym,(C25.4),,
8151/3,Adenomas and adenocarcinomas,"Insulinoma, malignant",Preferred,(C25.4),,
8151/3,Adenomas and adenocarcinomas,"Beta cell tumor, malignant",Synonym,(C25.4),,
8151/3,Adenomas and adenocarcinomas,"Insulin-producing tumor, malignant",Synonym,(C25.4),,
8152/1,Adenomas and adenocarcinomas,"Glucagonoma, NOS",Preferred,(C25.4),,
8152/1,Adenomas and adenocarcinomas,"Alpha cell tumor, NOS ",Synonym,(C25.4),,
8153/0,Adenomas and adenocarcinomas,"Gastrinoma, NOS ",Preferred,(C25.4),,
8153/0,Adenomas and adenocarcinomas,Gastrin cell tumor,Synonym,(C25.4),,
8153/3,Adenomas and adenocarcinomas,"Gastrinoma, malignant  ",Preferred,(C25.4),,
8153/3,Adenomas and adenocarcinomas,"Gastrin cell tumor, malignant",Synonym,(C25.4),,
8154/3,Adenomas and adenocarcinomas,"Mixed neuroendocrine non-neuroendocrine neoplasm (MiNEN), malignant",Preferred,(C25._),,
8154/3,Adenomas and adenocarcinomas,"Mixed islet cell and exocrine adenocarcinoma  ",Synonym,(C25._),,
8154/3,Adenomas and adenocarcinomas,"Mixed acinar-endocrine carcinoma  ",Synonym,(C25._),,
8154/3,Adenomas and adenocarcinomas,Mixed acinar-endocrine-ductal carcinoma,Synonym,(C25._),,
8154/3,Adenomas and adenocarcinomas,"Mixed ductal-endocrine carcinoma ",Synonym,(C25._),,
8154/3,Adenomas and adenocarcinomas,"Mixed endocrine and exocrine adenocarcinoma ",Synonym,(C25._),,
8156/1,Adenomas and adenocarcinomas,"Somatostatinoma, NOS ",Preferred,(C25.4),,
8156/1,Adenomas and adenocarcinomas,"Somatostatin cell tumor, NOS",Synonym,(C25.4),,
8160/0,Adenomas and adenocarcinomas,"Cholangiocellular adenoma ",Preferred,"(C22.1, C23._, C24._)",,
8160/0,Adenomas and adenocarcinomas,"Bile duct adenoma  ",Synonym,"(C22.1, C23._, C24._)",,
8160/0,Adenomas and adenocarcinomas,"Cholangioma ",Synonym,"(C22.1, C23._, C24._)",,
8160/3,Adenomas and adenocarcinomas,Cholangiocarcinoma,Preferred,"(C22.1, C23._, C24._)",,
8160/3,Adenomas and adenocarcinomas,Cholangiocellular carcinoma,Synonym,"(C22.1, C23._, C24._)",,
8160/3,Adenomas and adenocarcinomas,Biliary carcinoma,Synonym,"(C22.1, C23._, C24._)",,
8160/3,Adenomas and adenocarcinomas,"Bile duct carcinoma ",Synonym,"(C22.1, C23._, C24._)",,
8160/3,Adenomas and adenocarcinomas,"Bile duct adenocarcinoma  ",Synonym,"(C22.1, C23._, C24._)",,
8161/0,Adenomas and adenocarcinomas,Bile duct cystadenoma,Preferred,"(C22.1, C24._)",,
8161/0,Adenomas and adenocarcinomas,Biliary cystadenoma,Synonym,"(C22.1, C24._)",,
8161/3,Adenomas and adenocarcinomas,Bile duct cystadenocarcinoma,Preferred,"(C22.1, C24._)",,
8170/0,Adenomas and adenocarcinomas,"Hepatocellular adenoma ",Preferred,(C22.0),,
8170/0,Adenomas and adenocarcinomas,Liver cell adenoma,Synonym,(C22.0),,
8170/0,Adenomas and adenocarcinomas,"Hepatoma, benign ",Synonym,(C22.0),[obs],
8170/3,Adenomas and adenocarcinomas,"Hepatocellular carcinoma, NOS",Preferred,(C22.0),,
8170/3,Adenomas and adenocarcinomas,"Hepatocarcinoma ",Synonym,(C22.0),,
8170/3,Adenomas and adenocarcinomas,"Hepatoma, malignant  ",Synonym,(C22.0),,
8170/3,Adenomas and adenocarcinomas,"Liver cell carcinoma ",Synonym,(C22.0),,
8170.1/3,Adenomas and adenocarcinomas,"Hepatocellular carcinoma, pseudoglandular",Preferred,(C22.0),,
8172/3,Adenomas and adenocarcinomas,"Hepatocellular carcinoma, scirrhous",Preferred,(C22.0),,
8172/3,Adenomas and adenocarcinomas,"Sclerosing hepatic carcinoma ",Synonym,(C22.0),,
8173/3,Adenomas and adenocarcinomas,"Hepatocellular carcinoma, spindle cell variant  ",Preferred,(C22.0),,
8173/3,Adenomas and adenocarcinomas,"Hepatocellular carcinoma, sarcomatoid ",Synonym,(C22.0),,
8174/3,Adenomas and adenocarcinomas,"Hepatocellular carcinoma, clear cell type",Preferred,(C22.0),,
8175/3,Adenomas and adenocarcinomas,"Hepatocellular carcinoma, pleomorphic type",Preferred,(C22.0),,
8180/3,Adenomas and adenocarcinomas,Combined hepatocellular carcinoma and cholangiocarcinoma,Preferred,(C22.0),,
8180/3,Adenomas and adenocarcinomas,"Hepatocholangiocarcinoma  ",Synonym,(C22.0),,
8180/3,Adenomas and adenocarcinomas,"Mixed hepatocellular and bile duct carcinoma ",Synonym,(C22.0),,
8190/0,Adenomas and adenocarcinomas,Trabecular adenoma,Preferred,,,
8190/3,Adenomas and adenocarcinomas,Trabecular adenocarcinoma,Preferred,(C22.0),,
8190/3,Adenomas and adenocarcinomas,Trabecular carcinoma,Synonym,(C22.0),,
8200/3,Adenomas and adenocarcinomas,Adenoid cystic carcinoma,Preferred,,,
8201/3,Adenomas and adenocarcinomas,Cribriform adenocarcinoma,Preferred,(C61._),,
8211/0,Adenomas and adenocarcinomas,Tubular adenoma,Preferred,,,
8211/0,Adenomas and adenocarcinomas,"Simple adenoma, NOS",Synonym,(C50._),,
8211/3,Adenomas and adenocarcinomas,Tubular carcinoma,Preferred,,,
8211/3,Adenomas and adenocarcinomas,Tubular simple carcinoma,Synonym,,,
8211/3,Adenomas and adenocarcinomas,Cribriform carcinoma (of the mammary gland),Synonym,,,
8211/3,Adenomas and adenocarcinomas,Tubular adenocarcinoma,Synonym,,,
8211/3,Adenomas and adenocarcinomas,Simple tubular adenocarcinoma,Synonym,(Preferred for C61._),,
8230/0,Adenomas and adenocarcinomas,Solid adenoma,Preferred,,,
8230/3,Adenomas and adenocarcinomas,Solid carcinoma,Preferred,,,
8230.0/3,Adenomas and adenocarcinomas,Solid adenocarcinoma with mucin production,Preferred,(C34._),,
8245/3,Adenomas and adenocarcinomas,Adenocarcinoid tumor,Preferred,,,
8246/3,Adenomas and adenocarcinomas,"Neuroendocrine carcinoma, NOS",Preferred,,,
8246/3,Adenomas and adenocarcinomas,Carcinoid,Synonym,,,
8247/1,Adenomas and adenocarcinomas,"Merkel cell tumor                ",Preferred,(C44._),,
8250/3,Adenomas and adenocarcinomas,Lepidic adenocarcinoma,Preferred,(C34._),,
8256/3,Adenomas and adenocarcinomas,"Minimally invasive adenocarcinoma, non-mucinous",Preferred,(C34._),,
8257/3,Adenomas and adenocarcinomas,"Minimally invasive adenocarcinoma, mucinous",Preferred,(C34._),,
8260/0,Adenomas and adenocarcinomas,Papillary adenoma,Preferred,,,
8260/3,Adenomas and adenocarcinomas,Papillary adenocarcinoma,Preferred,,,
8260/3,Adenomas and adenocarcinomas,Papillary renal cell carcinoma,Synonym,(C64.9),,
8260.1/3,Adenomas and adenocarcinomas,Thyroglossal duct remnant tumor,Preferred,(C73.9),,
8261/0,Adenomas and adenocarcinomas,"Villous adenoma, NOS",Preferred,(C16._),,
8263/0,Adenomas and adenocarcinomas,Tubulopapillary adenoma,Preferred,(C16._),,
8263/0,Adenomas and adenocarcinomas,Tubulovillous adenoma,Synonym,(C16._),,
8263/3,Adenomas and adenocarcinomas,Tubulopapillary carcinoma,Preferred,,,
8263/3,Adenomas and adenocarcinomas,Tubulopapillary adenocarcinoma,Synonym,"(C16._, C30._, C31._)",,
8265/3,Adenomas and adenocarcinomas,Micropapillary adenocarcinoma,Preferred,,,
8270/0,Adenomas and adenocarcinomas,Chromophobe adenoma,Preferred,(C75.1),,
8270.1/0,Adenomas and adenocarcinomas,Chromophobe (ACTH-secreting) adenoma,Preferred,(C75.1),,
8270.2/0,Adenomas and adenocarcinomas,Inactive chromophobe adenoma,Preferred,(C75.1),,
8270/3,Adenomas and adenocarcinomas,Chromophobe carcinoma,Preferred,(C75.1),,
8272/0,Adenomas and adenocarcinomas,"Pituitary adenoma, NOS",Preferred,(C75.1),,
8272/3,Adenomas and adenocarcinomas,"Pituitary carcinoma, NOS",Preferred,(C75.1),,
8280/0,Adenomas and adenocarcinomas,Acidophil adenoma,Preferred,(C75.1),,
8280/3,Adenomas and adenocarcinomas,Acidophil carcinoma,Preferred,(C75.1),,
8290/0,Adenomas and adenocarcinomas,Oncocytoma,Preferred,,,
8290/0,Adenomas and adenocarcinomas,Oncocytic adenoma,Synonym,,,
8290/0,Adenomas and adenocarcinomas,Oxyphilic adenoma,Synonym,,,
8300/0,Adenomas and adenocarcinomas,Basophilic adenoma,Preferred,(C75.1),,
8300/3,Adenomas and adenocarcinomas,Basophilic carcinoma,Preferred,(C75.1),,
8312/3,Adenomas and adenocarcinomas,"Renal cell carcinoma, NOS",Preferred,(C64.9),,
8312/3,Adenomas and adenocarcinomas,"Renal cell adenocarcinoma, NOS",Synonym,(C64.9),,
8312/3,Adenomas and adenocarcinomas,"Renal cell carcinoma, unclassified",Related,(C64.9),,
8314/3,Adenomas and adenocarcinomas,Lipid-rich carcinoma,Preferred,(C50._),,
8316/1,Adenomas and adenocarcinomas,"Multilocular cystic renal neoplasm of low malignant potential ",Preferred,,,
8318/3,Adenomas and adenocarcinomas,"Renal cell carcinoma, sarcomatoid",Preferred,(C64.9),,
8318/3,Adenomas and adenocarcinomas,"Renal cell carcinoma, spindle cell",Synonym,(C64.9),,
8319/3,Adenomas and adenocarcinomas,Collecting duct carcinoma,Preferred,(C64.9),,
8319/3,Adenomas and adenocarcinomas,"Renal cell carcinoma, collecting duct type",Synonym,(C64.9),,
8330/0,Adenomas and adenocarcinomas,"Follicular adenoma, NOS",Preferred,(C73.9),,
8330/3,Adenomas and adenocarcinomas,"Follicular adenocarcinoma, NOS",Preferred,(C73.9),,
8330/3,Adenomas and adenocarcinomas,"Follicular carcinoma, NOS",Synonym,(C73.9),,
8330.1/3,Adenomas and adenocarcinomas,Compact cellular carcinoma,Preferred,(C73.9),,
8330.2/3,Adenomas and adenocarcinomas,Mixed compact follicular-cellular carcinoma,Preferred,(C73.9),,
8330.3/3,Adenomas and adenocarcinomas,Malignant mixed thyroid tumor,Preferred,(C73.9),,
8345/0,Adenomas and adenocarcinomas,C cell adenoma,Preferred,(C73.9),,
8345/3,Adenomas and adenocarcinomas,C cell carcinoma,Preferred,(C73.9),,
8345/3,Adenomas and adenocarcinomas,Medullary carcinoma,Synonym,(C73.9),,
8345/3,Adenomas and adenocarcinomas,Parafollicular cell carcinoma,Synonym,(C73.9),,
8370/0,Adenomas and adenocarcinomas,Adrenal cortical adenoma,Preferred,(C74.0),,
8370/0,Adenomas and adenocarcinomas,"Adrenal cortical tumor, benign",Synonym,(C74.0),,
8370/0,Adenomas and adenocarcinomas,"Adrenal cortical tumor, NOS",Synonym,(C74.0),,
8370/3,Adenomas and adenocarcinomas,Adrenal cortical carcinoma,Preferred,(C74.0),,
8370/3,Adenomas and adenocarcinomas,Adrenal cortical adenocarcinoma,Synonym,(C74.0),,
8370/3,Adenomas and adenocarcinomas,"Adrenal cortical tumor, malignant",Synonym,(C74.0),,
8401/0,Adnexal and skin appendage neoplasms,Apocrine adenoma,Preferred,,,
8401/3,Adnexal and skin appendage neoplasms,Apocrine adenocarcinoma,Preferred,,,
8401.1/0,Adnexal and skin appendage neoplasms,Complex and mixed apocrine adenoma,Preferred,,,
8401.1/3,Adnexal and skin appendage neoplasms,Complex and mixed apocrine adenocarcinoma,Preferred,,,
8401.2/0,Adnexal and skin appendage neoplasms,Anal sac adenoma,Preferred,(C21.0),,
8401.2/0,Adnexal and skin appendage neoplasms,Adenoma of the apocrine glands of the anal sac,Synonym,(C21.0),,
8401.2/3,Adnexal and skin appendage neoplasms,Anal sac adenocarcinoma,Preferred,(C21.0),,
8401.2/3,Adnexal and skin appendage neoplasms,Adenocarcinoma of the apocrine glands of the anal sac,Synonym,(C21.0),,
8401.3/0,Adnexal and skin appendage neoplasms,"Adenoma of the anal gland  ",Preferred,(C21.3),,
8402/3,Adnexal and skin appendage neoplasms,Clear cell adnexal carcinoma,Preferred,(C44._),,
8402/3,Adnexal and skin appendage neoplasms,Hidradenocarcinoma,Synonym,(C44._),,
8410/0,Adnexal and skin appendage neoplasms,Sebaceous adenoma ,Preferred,"(C07._, C08._,C44._)",,
8410/0,Adnexal and skin appendage neoplasms,Sebaceous gland adenoma,Synonym,"(C07._, C08._,C44._)",,
8410/0,Adnexal and skin appendage neoplasms,Sebaceous ductal adenoma,Related,(C44._),,
8410.1/0,Adnexal and skin appendage neoplasms,Meibomian adenoma,Preferred,(C44.1),,
8410.1/0,Adnexal and skin appendage neoplasms,"Meibomian gland adenoma ",Synonym,(C44.1),,
8410.1/0,Adnexal and skin appendage neoplasms,"Meibomian ductal adenoma ",Related,(C44.1),,
8410.1/1,Adnexal and skin appendage neoplasms,Meibomian gland epithelioma,Preferred,(C44.1),,
8410.1/3,Adnexal and skin appendage neoplasms,Meibomian gland adenocarcinoma,Preferred,(C44.1),,
8410/1,Adnexal and skin appendage neoplasms,Sebaceous epithelioma,Preferred,(C44._),,
8410/1,Adnexal and skin appendage neoplasms,Sebaceous gland epithelioma,Synonym,(C44._),,
8410/3,Adnexal and skin appendage neoplasms,Sebaceous adenocarcinoma,Preferred,(C44._),,
8410.2/0,Adnexal and skin appendage neoplasms,Hepatoid adenoma,Preferred,(C21.3),,
8410.2/0,Adnexal and skin appendage neoplasms,Hepatoid gland adenoma,Synonym,(C21.3),,
8410.2/0,Adnexal and skin appendage neoplasms,Perianal gland adenoma,Synonym,(C21.3),,
8410.2/0,Adnexal and skin appendage neoplasms,Circumanal adenoma,Synonym,(C21.3),,
8410.2/1,Adnexal and skin appendage neoplasms,Hepatoid gland epithelioma,Preferred,(C21.3),,
8410.2/1,Adnexal and skin appendage neoplasms,Perianal gland epithelioma,Synonym,(C21.3),,
8410.2/1,Adnexal and skin appendage neoplasms,Circumanal epithelioma,Synonym,(C21.3),,
8410.2/3,Adnexal and skin appendage neoplasms,Hepatoid gland adenocarcinoma,Preferred,(C21.3),,
8410.2/3,Adnexal and skin appendage neoplasms,Perianal gland adenocarcinoma,Synonym,(C21.3),,
8410.2/3,Adnexal and skin appendage neoplasms,Circumanal adenocarcinoma,Synonym,(C21.3),,
8413/0,Adnexal and skin appendage neoplasms,"Eccrine adenoma    ",Preferred,(C44._),,
8413/3,Adnexal and skin appendage neoplasms,Eccrine adenocarcinoma,Preferred,(C44._),,
8420/0,Adnexal and skin appendage neoplasms,Ceruminous adenoma,Preferred,(C44.2),,
8420.1/0,Adnexal and skin appendage neoplasms,"Complex and mixed ceruminous adenoma ",Preferred,(C44.2),,
8420/3,Adnexal and skin appendage neoplasms,Ceruminous adenocarcinoma,Preferred,(C44.2),,
8420.1/3,Adnexal and skin appendage neoplasms,Complex and mixed ceruminous adenocarcinoma,Preferred,(C44.2),,
8430/3,Mucoepidermoid neoplasms,Mucoepidermoid carcinoma,Preferred,,,
8440/0,"Cystic, mucinous and serous neoplasms",Cystic adenoma,Preferred,,,
8440/0,"Cystic, mucinous and serous neoplasms",Cystadenoma,Synonym,,,
8440/3,"Cystic, mucinous and serous neoplasms",Cystic adenocarcinoma,Preferred,,,
8440/3,"Cystic, mucinous and serous neoplasms",Cystadenocarcinoma,Synonym,,,
8480/3,"Cystic, mucinous and serous neoplasms",Mucinous carcinoma,Preferred,,,
8480/3,"Cystic, mucinous and serous neoplasms",Mucinous adenocarcinoma,Synonym,"(C16._, C17._, C18._, C19._, C20._, C21._)",,
8490/3,"Cystic, mucinous and serous neoplasms",Signet-ring cell carcinoma,Preferred,,,
8500/0,Ductal and lobular neoplasms,Ductal adenoma,Preferred,"(C50._, C50.0)",,
8500/0,Ductal and lobular neoplasms,Basaloid adenoma,Synonym,"(C50._, C50.0)",,
8500/0,Ductal and lobular neoplasms,"Apocrine ductal adenoma ",Related,(Preferred for C44._),,
8500/3,Ductal and lobular neoplasms,"Ductal carcinoma, NOS",Preferred,,,
8500/3,Ductal and lobular neoplasms,"Ductal adenocarcinoma, NOS",Synonym,(C25._),,
8500/3,Ductal and lobular neoplasms,"Apocrine ductal adenocarcinoma ",Related,(Preferred for C44._),,
8500/3,Ductal and lobular neoplasms,"Apocrine ductal carcinoma ",Related,(Synonym for C44._),,
8501/3,Ductal and lobular neoplasms,Comedocarcinoma,Preferred,,,
8503/0,Ductal and lobular neoplasms,Intraductal papillary adenoma,Preferred,,,
8503/0,Ductal and lobular neoplasms,"Duct papilloma, NOS",Synonym,,,
8503/0,Ductal and lobular neoplasms,Intraductal papilloma,Synonym,,,
8503/3,Ductal and lobular neoplasms,"Intraductal papillary carcinoma  ",Preferred,"(C50._, C50.0)",,
8503/3,Ductal and lobular neoplasms,Intraductal papillary carcinoma with invasion,Synonym,"(C50._, C50.0)",,
8503/3,Ductal and lobular neoplasms,Papillary cystic carcinoma,Related,"(C50._, C50.0)",,
8507/3,Ductal and lobular neoplasms,Invasive micropapillary carcinoma,Preferred,(C50._),,
8530/3,Ductal and lobular neoplasms,Inflammatory mammary carcinoma,Preferred,(C50._),,
8540/3,Ductal and lobular neoplasms,"Carcinoma with epidermal infiltration (Paget‐like disease)  ",Preferred,(C50.0),,
8540/3,Ductal and lobular neoplasms,"Paget disease, mammary",Synonym,(C50.0),,
8550/0,Acinar cell neoplasms,Acinar cell adenoma,Preferred,(C25._),,
8550/3,Acinar cell neoplasms,Acinar adenocarcinoma,Preferred,,,
8550/3,Acinar cell neoplasms,Acinar cell carcinoma,Synonym,,,
8550/3,Acinar cell neoplasms,"Acinar carcinoma ",Synonym,,,
8560/3,Acinar cell neoplasms,Adenosquamous carcinoma,Preferred,,,
8560/3,Acinar cell neoplasms,Mixed adenocarcinoma and squamous cell carcinoma,Synonym,,,
8562/3,Acinar cell neoplasms,Carcinoma and malignant myoepithelioma,Preferred,,,
8562/3,Acinar cell neoplasms,Epithelial-myoepithelial carcinoma,Synonym,,,
8580/3,Thymic epithelial neoplasms,"Thymoma, NOS",Preferred,(C37.9),,
8590/1,Specialized gonadal neoplasms,"Sex cord-gonadal stromal tumor, NOS",Preferred,,,
8590/1,Specialized gonadal neoplasms,"Sex cord-gonadal stromal tumor, NOS",Synonym,,,
8590/1,Specialized gonadal neoplasms,"Sex cord tumor, NOS",Synonym,,,
8594/1,Specialized gonadal neoplasms,Mixed germ cell-sex cord-stromal tumor,Preferred,,,
8600/0,Specialized gonadal neoplasms,"Thecoma, NOS",Preferred,(C56.9),,
8600/0,Specialized gonadal neoplasms,Theca cell tumor,Synonym,(C56.9),,
8610/0,Specialized gonadal neoplasms,"Luteoma, NOS",Preferred,(C56.9),,
8620/3,Specialized gonadal neoplasms,"Granulosa cell tumor, NOS",Preferred,(C56.9),,
8631/0,Specialized gonadal neoplasms,"Arrenoblastoma, well differentiated",Preferred,,,
8631/0,Specialized gonadal neoplasms,"Sertoli-Leydig cell tumor, well differentiated",Synonym,,,
8631/3,Specialized gonadal neoplasms,"Arrenoblastoma, poorly differentiated",Preferred,,,
8631/3,Specialized gonadal neoplasms,"Sertoli-Leydig cell tumor, poorly differentiated",Synonym,,,
8633/1,Specialized gonadal neoplasms,"Arrenoblastoma, retiform",Preferred,,,
8633/1,Specialized gonadal neoplasms,"Sertoli-Leydig cell tumor, retiform",Synonym,,,
8640/1,Specialized gonadal neoplasms,"Sertoli cell tumor, NOS",Preferred,,,
8640.1/1,Specialized gonadal neoplasms,"Sertoli cell tumor, intratubular",Preferred,(C62._),,
8640.2/1,Specialized gonadal neoplasms,"Sertoli cell tumor, diffuse",Preferred,(C62._),,
8650/0,Specialized gonadal neoplasms,"Leydig cell tumor of the ovary, NOS",Preferred,(C56.9),,
8650/1,Specialized gonadal neoplasms,"Interstitial cell tumor, NOS",Preferred,(C62._),,
8650/1,Specialized gonadal neoplasms,"Leydig cell tumor, NOS",Synonym,(C62._),,
8650.1/1,Specialized gonadal neoplasms,"Interstitial cell tumor, diffuse-compact",Preferred,(C62._),,
8650.2/1,Specialized gonadal neoplasms,"Interstitial cell tumor, vascular-cystic",Preferred,(C62._),,
8650.2/1,Specialized gonadal neoplasms,"Interstitial cell tumor, angiomatoid",Synonym,(C62._),,
8650.3/1,Specialized gonadal neoplasms,"Interstitial cell tumor, pseudoadenomatous",Preferred,(C62._),,
8680/3,Paragangliomas and glomus tumors,Paraganglioma,Preferred,"(C47._, C72.1, C72.4, C72.5)",,
8690/3,Paragangliomas and glomus tumors,Middle ear paraganglioma,Preferred,(C75.5),,
8690/3,Paragangliomas and glomus tumors,Jugulotympanic paraganglioma,Synonym,C75.5),,
8691/0,Paragangliomas and glomus tumors,Adenoma of the aortic body,Preferred,(C75.5),,
8691/1,Paragangliomas and glomus tumors,"Aortic body tumor, NOS",Preferred,(C75.5),,
8691/3,Paragangliomas and glomus tumors,Carcinoma of the aortic body,Preferred,(C75.5),,
8692/0,Paragangliomas and glomus tumors,Adenoma of the carotid body,Preferred,(C75.4),,
8692/1,Paragangliomas and glomus tumors,"Carotid body tumor, NOS",Preferred,(C75.4),,
8692/3,Paragangliomas and glomus tumors,Carcinoma of the carotid body,Preferred,(C75.4),,
8693/1,Paragangliomas and glomus tumors,"Extra-adrenal paraganglioma, NOS",Preferred,,,
8693/3,Paragangliomas and glomus tumors,"Extra-adrenal paraganglioma, malignant",Preferred,,,
8700/3,Paragangliomas and glomus tumors,"Pheochromocytoma, NOS",Preferred,(C74.1),,
8711/0,Paragangliomas and glomus tumors,Glomus tumor,Preferred,,,
8720.0/0,Melanocytoma and Melanomas,Melanocytoma,Preferred,,,
8720.0/0,Melanocytoma and Melanomas,"Melanoma, benign, NOS",Synonym,,,
8720.0/0,Melanocytoma and Melanomas,Dermal melanocytoma,Synonym,(C44._),,
8720/3,Melanocytoma and Melanomas,"Melanoma, NOS",Preferred,,,
8720/3,Melanocytoma and Melanomas,"Melanoma, malignant, NOS",Synonym,,,
8720/3,Melanocytoma and Melanomas,"Melanoma, compound",Synonym,,,
8720/3,Melanocytoma and Melanomas,"Melanoma, junctional",Synonym,,,
8720/3,Melanocytoma and Melanomas,"Melanoma, dermal",Synonym,(C44._),,
8722/3,Melanocytoma and Melanomas,Balloon cell melanoma,Preferred,(C44._),,
8722/3,Melanocytoma and Melanomas,Clear cell melanoma,Synonym,(C44._),,
8722.1/3,Melanocytoma and Melanomas,Signet ring cell melanoma,Preferred,,,
8726.1/0,Melanocytoma and Melanomas,Melanoacanthoma,Preferred,,,
8730/3,Melanocytoma and Melanomas,Amelanotic melanoma,Preferred,,,
8800/0,"Soft tissue tumors and sarcomas, NOS","Soft tissue tumor, benign",Preferred,,,
8800/3,"Soft tissue tumors and sarcomas, NOS","Sarcoma, NOS",Preferred,,,
8800/3,"Soft tissue tumors and sarcomas, NOS","Mesenchymal tumor, malignant",Synonym,,,
8800.0/1,"Soft tissue tumors and sarcomas, NOS","Soft tissue tumor, NOS",Preferred,,,
8800.1/3,"Soft tissue tumors and sarcomas, NOS",Sarcoma associated with Spirocerca lupi,Preferred,(C15._),,
8801/3,"Soft tissue tumors and sarcomas, NOS","Spindle cell sarcoma, NOS",Preferred,,,
8805/3,"Soft tissue tumors and sarcomas, NOS",Undifferentiated sarcoma,Preferred,,,
8810/0,Fibromatous neoplasms,"Fibroma, NOS",Preferred,,,
8810/0,Fibromatous neoplasms,"Fibroma, conventional",Synonym,(C49._),,
8810/0,Fibromatous neoplasms,"Fibroma, keloidal",Related,(C49._),,
8810/3,Fibromatous neoplasms,"Fibrosarcoma, NOS",Preferred,,,
8810/3,Fibromatous neoplasms,"Fibrosarcoma, conventional",Synonym,,,
8810.1/3,Fibromatous neoplasms,"Fibrosarcoma, keloidal",Preferred,(C49._),,
8810.2/3,Fibromatous neoplasms,"Fibrosarcoma, myofibroblastic",Preferred,(C49._),,
8811/0,Fibromatous neoplasms,Myxofibroma,Preferred,,,
8811/0,Fibromatous neoplasms,Fibromyxoma,Synonym,,,
8812/3,Fibromatous neoplasms,Periosteal fibrosarcoma,Preferred,"(C40._, C41._)",,
8812.1/3,Fibromatous neoplasms,Central fibrosarcoma,Preferred,"(C40._, C41._)",,
8812.2/3,Fibromatous neoplasms,Maxillary and mandibular fibrosarcoma,Preferred,"(C41.0, C41.1)",,
8815/1,Fibromatous neoplasms,Hemangiopericytoma,Preferred,,,
8815.1/1,Fibromatous neoplasms,"Canine perivascular wall tumor, NOS",Preferred,,,
8824/1,Fibromatous neoplasms,Myopericytoma,Preferred,,,
8825/1,Fibromatous neoplasms,"Myofibroblastic tumor, NOS",Preferred,,,
8825/1,Fibromatous neoplasms,Inflammatory myofibroblastic tumor,Synonym,,,
8826/0,Fibromatous neoplasms,Angiomyofibroblastoma,Preferred,,,
8830/3,Fibromatous neoplasms,Malignant fibrous histiocytoma,Preferred,,,
8832/0,Fibromatous neoplasms,Dermatofibroma,Preferred,(C49._),,
8840/0,Myxomatous neoplasms,"Myxoma, NOS",Preferred,,,
8840.0/0,Myxomatous neoplasms,Synovial myxoma,Preferred,"(C40._, C41._, C49.9)",,
8840/3,Myxomatous neoplasms,"Myxosarcoma, NOS",Preferred,,,
8840.0/3,Myxomatous neoplasms,Synovial myxosarcoma,Preferred,"(C40._, C41._, C49.9)",,
8841/0,Myxomatous neoplasms,Angiomyxoma,Preferred,,,
8850/0,Lipomatous neoplasms,"Lipoma, NOS",Preferred,,,
8850.1/0,Lipomatous neoplasms,Lipomatosis,Preferred,,,
8850/3,Lipomatous neoplasms,"Liposarcoma, NOS",Preferred,,,
8851/0,Lipomatous neoplasms,Fibrolipoma,Preferred,,,
8851/3,Lipomatous neoplasms,"Liposarcoma, well differentiated, NOS",Preferred,,,
8852/3,Lipomatous neoplasms,Myxoid liposarcoma,Preferred,,,
8854/3,Lipomatous neoplasms,Pleomorphic liposarcoma,Preferred,,,
8856/0,Lipomatous neoplasms,Infiltrative lipoma,Preferred,,,
8856/0,Lipomatous neoplasms,Infiltrating lipoma,Synonym,,,
8856/0,Lipomatous neoplasms,Infiltrative angiolipoma,Related,,,
8856/0,Lipomatous neoplasms,Intramuscular lipoma,Related,,,
8857/0,Lipomatous neoplasms,Spindle cell lipoma,Preferred,,,
8858/3,Lipomatous neoplasms,Dedifferentiated liposarcoma,Preferred,,,
8859.1/0,Lipomatous neoplasms,Osteolipoma,Preferred,,,
8859.2/0,Lipomatous neoplasms,Chondro-osteoblastic lipoma,Preferred,,,
8861/0,Lipomatous neoplasms,Angiolipoma,Preferred,,,
8862/0,Lipomatous neoplasms,Chondrolipoma,Preferred,,,
8862/0,Lipomatous neoplasms,Chondroid lipoma,Synonym,,,
8870/0,Lipomatous neoplasms,Myelolipoma,Preferred,,,
8880/0,Lipomatous neoplasms,Hibernoma,Preferred,,,
8890/0,Myomatous neoplasms,"Leiomyoma, NOS",Preferred,,,
8890.1/0,Myomatous neoplasms,Fibroleiomyoma,Preferred,,,
8890.2/0,Myomatous neoplasms,Piloleiomyoma,Preferred,,,
8890.3/0,Myomatous neoplasms,Deep-seated leiomyoma,Preferred,(C49._),,
8890.4/0,Myomatous neoplasms,Lipoleiomyoma,Preferred,,,
8890/3,Myomatous neoplasms,"Leiomyosarcoma, NOS",Preferred,,,
8894/0,Myomatous neoplasms,Perivascular myoma,Preferred,,,
8894/0,Myomatous neoplasms,Angioleiomyoma,Synonym,,,
8897/1,Myomatous neoplasms,"Smooth muscle tumor, NOS",Preferred,,,
8900/0,Myomatous neoplasms,"Rhabdomyoma, NOS",Preferred,,,
8900/3,Myomatous neoplasms,"Rhabdomyosarcoma, NOS",Preferred,,,
8901/3,Myomatous neoplasms,Pleomorphic rhabdomyosarcoma,Preferred,,,
8903/0,Myomatous neoplasms,Fetal rhabdomyoma,Preferred,,,
8904/0,Myomatous neoplasms,Adult rhabdomyoma,Preferred,,,
8910/3,Myomatous neoplasms,Embryonal rhabdomyosarcoma,Preferred,,,
8910/3,Myomatous neoplasms,Botryoid rhabdomyosarcoma,Synonym,,,
8912/3,Myomatous neoplasms,Spindle cell rhabdomyosarcoma,Preferred,,,
8920/3,Myomatous neoplasms,Alveolar rhabdomyosarcoma,Preferred,,,
8933/3,Complex mixed and stromal neoplasms,Adenosarcoma,Preferred,,,
8936/3,Complex mixed and stromal neoplasms,Gastrointestinal stromal tumor (GIST),Preferred,,,
8940/0,Complex mixed and stromal neoplasms,"Benign mixed tumor, NOS",Preferred,,,
8940/0,Complex mixed and stromal neoplasms,Pleomorphic adenoma,Synonym,,,
8940/3,Complex mixed and stromal neoplasms,"Mixed carcinoma, NOS",Preferred,,,
8940/3,Complex mixed and stromal neoplasms,"Mixed tumor, malignant, NOS",Synonym,,,
8941.1/3,Complex mixed and stromal neoplasms,Carcinoma arising in a complex adenoma/nenign mixed tumor,Preferred,(C50._),,
8950/3,Complex mixed and stromal neoplasms,Mullerian mixed tumor,Preferred,(C56.9),,
8960/1,Complex mixed and stromal neoplasms,Mesoblastic nephroma,Preferred,,,
8960/3,Complex mixed and stromal neoplasms,"Nephroblastoma, NOS",Preferred,(C64.9),,
8960/3,Complex mixed and stromal neoplasms,Embryonal nephroma,Synonym,(C64.9),,
8960.0/3,Complex mixed and stromal neoplasms,Ectopic nephroblastoma of the canine thoracolumbal spinal cord,Preferred,(C72.0),,
8960.0/3,Complex mixed and stromal neoplasms,Thoracolumbal spinal cord tumor of young dogs,Synonym,(C72.0),,
8966/0,Complex mixed and stromal neoplasms,Renal interstitial cell tumor,Preferred,(C64.9),,
8966/0,Complex mixed and stromal neoplasms,Renomedullary interstitial cell tumor,Synonym,(C64.9),,
8970/3,Complex mixed and stromal neoplasms,Hepatoblastoma,Preferred,(C22.0),,
8972/3,Complex mixed and stromal neoplasms,Pulmonary blastoma,Preferred,(C34._),,
8980/3,Complex mixed and stromal neoplasms,"Carcinosarcoma, NOS",Preferred,,,
8982/0,Complex mixed and stromal neoplasms,Myoepithelioma,Preferred,,,
8982/0,Complex mixed and stromal neoplasms,Myoepithelial tumor,Synonym,,,
8982/3,Complex mixed and stromal neoplasms,Malignant myoepithelioma,Preferred,,,
8982/3,Complex mixed and stromal neoplasms,Myoepithelial carcinoma,Synonym,,,
8983/0,Complex mixed and stromal neoplasms,Complex adenoma,Preferred,(C50._),,
8983/0,Complex mixed and stromal neoplasms,Adenomyoepithelioma,Synonym,(C50._),,
8983.1/3,Complex mixed and stromal neoplasms,Complex carcinoma,Preferred,(C50._),,
8990/3,Complex mixed and stromal neoplasms,"Mesenchymoma, malignant",Preferred,,,
9010/0,Fibroepithelial neoplasms,"Fibroadenoma, NOS",Preferred,,,
9040/3,Synovial-like neoplasms,Synovial cell sarcoma,Preferred,,[obs],
9050/0,Mesothelial neoplasms,"Mesothelioma, benign",Preferred,,,
9050/3,Mesothelial neoplasms,"Mesothelioma, malignant, NOS",Preferred,,,
9051/3,Mesothelial neoplasms,Sarcomatoid mesothelioma,Preferred,,,
9052/3,Mesothelial neoplasms,Epithelioid mesothelioma,Preferred,,,
9053/3,Mesothelial neoplasms,"Mesothelioma, biphasic",Preferred,,,
9060/3,Germ cell neoplasms,Dysgerminoma,Preferred,,,
9061/1,Germ cell neoplasms,"Seminoma, NOS",Preferred,(C62._),,
9061.1/1,Germ cell neoplasms,"Seminoma, intratubular",Preferred,(C62._),,
9061.2/1,Germ cell neoplasms,"Seminoma, diffuse",Preferred,(C62._),,
9064/3,Germ cell neoplasms,Germinoma,Preferred,,,
9070/3,Germ cell neoplasms,"Embryonal carcinoma, NOS",Preferred,,,
9073/1,Germ cell neoplasms,Gonadoblastoma,Preferred,,,
9080/0,Germ cell neoplasms,"Teratoma, benign",Preferred,,,
9080/1,Germ cell neoplasms,"Teratoma, NOS",Preferred,,,
9080/3,Germ cell neoplasms,Teratocarcinoma,Preferred,,,
9080/3,Germ cell neoplasms,"Teratoma, malignant, NOS",Synonym,,,
9100/3,Trophoblastic neoplasms,Choriocarcinoma,Preferred,,,
9110/0,Mesonephromas,Rete adenoma,Preferred,(C56.9),,
9110/0,Mesonephromas,Adenoma of rete ovarii,Synonym,(C56.9),,
9120/0,Blood vessel tumors,"Hemangioma, NOS",Preferred,,,
9120/0,Blood vessel tumors,Dermal hemangioma,Related,(C49._),,
9120/0,Blood vessel tumors,Solar-induced dermal hemangioma,Related,(C49._),,
9120/0,Blood vessel tumors,Subcutaneous hemangioma,Related,(C49._),,
9120.0/0,Blood vessel tumors,Synovial hemangioma,Preferred,"(C40._, C41._, C49.9)",,
9120.1/0,Blood vessel tumors,"Hemangioma, inflammatory lobular capillary",Preferred,,,
9120.1/0,Blood vessel tumors,Pyogenic granuloma,Synonym,,,
9120.1/0,Blood vessel tumors,Granulation tissue type hemangioma,Synonym,,,
9120.2/0,Blood vessel tumors,Mixed capillary cavernous hemangioma,Preferred,,,
9120.3/0,Blood vessel tumors,Spindle cell hemangioma,Preferred,,,
9120/3,Blood vessel tumors,"Hemangiosarcoma, NOS",Preferred,,,
9120/3,Blood vessel tumors,"Hemangiosarcoma, conventional",Synonym,,,
9120/3,Blood vessel tumors,"Hemangiosarcoma, well differentiated",Synonym,,,
9120/3,Blood vessel tumors,Cutaneous and subcutaneous hemangiosarcoma,Related,(C49._),,
9120/3,Blood vessel tumors,Intramuscular hemangiosarcoma,Related,(C49._),,
9120/3,Blood vessel tumors,Retroperitoneal hemangiosarcoma,Related,(C49._),,
9120/3,Blood vessel tumors,Visceral hemangiosarcoma,Related,(C49._),,
9120.1/3,Blood vessel tumors,"Hemangiosarcoma, kaposiform",Preferred,,,
9120.1/3,Blood vessel tumors,"Hemangiosarcoma, spindle cell",Synonym,,,
9120.2/3,Blood vessel tumors,"Hemangiosarcoma, epithelioid",Preferred,,,
9121/0,Blood vessel tumors,Cavernous hemangioma,Preferred,,,
9125/0,Blood vessel tumors,Epithelioid hemangioma,Preferred,,,
9130/1,Blood vessel tumors,"Hemangioendothelioma, NOS",Preferred,,,
9130.1/1,Blood vessel tumors,"Hemangioendothelioma, kaposiform",Preferred,,,
9130.1/1,Blood vessel tumors,"Hemangioendothelioma, spindle cell",Synonym,,,
9130.1/1,Blood vessel tumors,Kaposi-like vascular tumor,Synonym,,,
9131/0,Blood vessel tumors,Capillary hemangioma,Preferred,,,
9131/0,Blood vessel tumors,Congenital hemangioma,Related,,,
9132/0,Blood vessel tumors,Infiltrative hemangioma,Preferred,,,
9132/0,Blood vessel tumors,Intramuscular hemangioma,Synonym,,,
9132/0,Blood vessel tumors,Mixed infiltrating intramuscular hemangioma,Synonym,,,
9133/1,Blood vessel tumors,Epithelioid hemangioendothelioma,Preferred,,,
9136/1,Blood vessel tumors,Retiform hemangioendothelioma,Preferred,,,
9141/0,Blood vessel tumors,Angiokeratoma,Preferred,,,
9160/0,Blood vessel tumors,Angiofibroma,Preferred,,,
9170/0,Lymphatic vessel tumors,Lymphangioma,Preferred,,,
9170/3,Lymphatic vessel tumors,Lymphangiosarcoma,Preferred,,,
9180/0,Osseous and chondromatous neoplasms,"Osteoma, NOS",Preferred,"(C40._, C41._)",,
9180/0,Osseous and chondromatous neoplasms,Extraskeletal osteoma,Related,,,
9180/3,Osseous and chondromatous neoplasms,"Osteosarcoma, NOS ",Preferred,,,
9180/3,Osseous and chondromatous neoplasms,Extraskeletal osteosarcoma,Related,,,
9180/3,Osseous and chondromatous neoplasms,Multicentric osteosarcoma,Related,,,
9180.1/3,Osseous and chondromatous neoplasms,Osteoblastic osteosarcoma,Preferred,"(C40._, C41._)",,
9180.1/3,Osseous and chondromatous neoplasms,"Osteoblastic osteosarcoma, productive",Related,"(C40._, C41._)",,
9180.1/3,Osseous and chondromatous neoplasms,"Osteoblastic osteosarcoma, non-productive",Related,"(C40._, C41._)",,
9180.2/3,Osseous and chondromatous neoplasms,Giant cell-rich osteosarcoma,Preferred,"(C40._, C41._)",,
9180.3/3,Osseous and chondromatous neoplasms,Poorly differentiated osteosarcoma,Preferred,"(C40._, C41._)",,
9181/3,Osseous and chondromatous neoplasms,Chondroblastic osteosarcoma,Preferred,"(C40._, C41._)",,
9182/3,Osseous and chondromatous neoplasms,Fibroblastic osteosarcoma,Preferred,"(C40._, C41._)",,
9183/3,Osseous and chondromatous neoplasms,Telangiectatic osteosarcoma,Preferred,"(C40._, C41._)",,
9186/3,Osseous and chondromatous neoplasms,Central osteosarcoma,Preferred,"(C40._, C41._)",,
9192/3,Osseous and chondromatous neoplasms,Parosteal osteosarcoma,Preferred,"(C40._, C41._)",,
9192.0/3,Osseous and chondromatous neoplasms,Peripheral osteosarcoma,Preferred,"(C40._, C41._)",,
9192.0/3,Osseous and chondromatous neoplasms,Surface osteosarcoma,Synonym,"(C40._, C41._)",,
9192.0/3,Osseous and chondromatous neoplasms,Juxtacortical osteosarcoma,Synonym,"(C40._, C41._)",,
9193/3,Osseous and chondromatous neoplasms,Periosteal osteosarcoma,Preferred,"(C40._, C41._)",,
9210/0,Osseous and chondromatous neoplasms,Osteochondroma,Preferred,"(C40._, C41._)",,
9210.1/3,Osseous and chondromatous neoplasms,"Multilobular tumor of bone ",Preferred,"(C40._, C41._)",,
9210.1/3,Osseous and chondromatous neoplasms,Multilobular osteosarcoma,Synonym,"(C40._, C41._)",,
9210.1/3,Osseous and chondromatous neoplasms,Multilobular sarcoma of bone,Synonym,"(C40._, C41._)",[obs],
9210.1/3,Osseous and chondromatous neoplasms,Chondroma rodens,Synonym,"(C40._, C41._)",[obs],
9210.1/3,Osseous and chondromatous neoplasms,Calcifying aponeurotic fibroma,Synonym,"(C40._, C41._)",[obs],
9210.1/3,Osseous and chondromatous neoplasms,Multilobular osteoma,Synonym,"(C40._, C41._)",[obs],
9210.1/3,Osseous and chondromatous neoplasms,Multilobular chondroma,Synonym,"(C40._, C41._)",[obs],
9210.1/3,Osseous and chondromatous neoplasms,Multilobular osteochondrosarcoma,Synonym,"(C40._, C41._)",[obs],
9210.1/3,Osseous and chondromatous neoplasms,Cartilage analogue of fibromatosis,Synonym,"(C40._, C41._)",[obs],
9220/0,Osseous and chondromatous neoplasms,"Chondroma, NOS",Preferred,,,
9220/0,Osseous and chondromatous neoplasms,Enchondroma,Related,"(C40._, C41._)",,
9220/0,Osseous and chondromatous neoplasms,"Ecchondroma ",Related,"(C40._, C41._)",,
9220/0,Osseous and chondromatous neoplasms,Extraskeletal chondroma,Related,,,
9220/3,Osseous and chondromatous neoplasms,"Chondrosarcoma, NOS",Preferred,,,
9220/3,Osseous and chondromatous neoplasms,Extraskeletal chondrosarcoma,Related,,,
9220.1/3,Osseous and chondromatous neoplasms,Central chondrosarcoma,Preferred,"(C40._, C41._)",,
9220.1/3,Osseous and chondromatous neoplasms,Medullary chondrosarcoma,Synonym,"(C40._, C41._)",,
9221/3,Osseous and chondromatous neoplasms,Periosteal chondrosarcoma,Preferred,"(C40._, C41._)",,
9231/3,Osseous and chondromatous neoplasms,Myxoid chondrosarcoma,Preferred,"(C40._, C41._)",,
9240/3,Osseous and chondromatous neoplasms,Mesenchymal chondrosarcoma,Preferred,"(C40._, C41._)",,
9242/3,Osseous and chondromatous neoplasms,Clear cell chondrosarcoma,Preferred,"(C40._, C41._)",,
9243/3,Osseous and chondromatous neoplasms,Dedifferentiated chondrosarcoma,Preferred,"(C40._, C41._)",,
9250/1,Giant cell tumors,"Giant cell tumor of bone, NOS",Preferred,"(C40._, C41._)",,
9250/1,Giant cell tumors,"Osteoclastoma, NOS ",Synonym,"(C40._, C41._)",,
9250/1,Giant cell tumors,"Giant cell sarcoma of bone  ",Synonym,"(C40._, C41._)",,
9252/0,Giant cell tumors,Giant cell tumor of tendon sheath,Preferred,(C49.9),,
9252/0,Giant cell tumors,Tenosynovial giant cell tumor,Synonym,,,
9262/0,Miscellaneous bone tumors,Ossifying fibroma,Preferred,,,
9262/0,Miscellaneous bone tumors,"Fibro-osteoma ",Synonym,,,
9262/0,Miscellaneous bone tumors,Osteofibroma,Synonym,,,
9270/3,Odontogenic tumors,"Odontogenic tumor, malignant, NOS",Preferred,,,
9270.1/3,Odontogenic tumors,Ameloblastic carcinoma,Preferred,,,
9270.1/3,Odontogenic tumors,Odontogenic carcinoma,Synonym,,,
9270.2/3,Odontogenic tumors,Odontogenic sarcoma,Preferred,,,
9280/0,Odontogenic tumors,"Odontoma, NOS",Preferred,,,
9281/0,Odontogenic tumors,Compound odontoma,Preferred,,,
9282/0,Odontogenic tumors,Complex odontoma,Preferred,,,
9290/0,Odontogenic tumors,Ameloblastic fibro-odontoma,Preferred,,,
9290/0,Odontogenic tumors,Fibroameloblastic odontoma,Synonym,,,
9310/0,Odontogenic tumors,"Ameloblastoma, NOS",Preferred,,,
9310.1/0,Odontogenic tumors,Amyloid-producing ameloblastoma,Preferred,,,
9310.1/0,Odontogenic tumors,Calcifying epithelial odontogenic tumor,Synonym,,[obs],
9310.2/1,Odontogenic tumors," Acanthomatous ameloblastoma",Preferred,,,
9310.2/1,Odontogenic tumors,Acanthomatous epulis,Synonym,,,
9310.2/1,Odontogenic tumors,Peripheral ameloblastoma,Synonym,,,
9310.2/1,Odontogenic tumors,Basal carcinoma,Synonym,,[obs],
9310.2/1,Odontogenic tumors,Adamantinoma,Synonym,,[obs],
9311/0,Odontogenic tumors,Odontoameloblastoma,Preferred,,,
9320/0,Odontogenic tumors,Myxoma of the jaw,Preferred,"(C41.0, C41.1)",,
9320/0,Odontogenic tumors,Odontogenic myxoma,Synonym,"(C41.0, C41.1)",,
9330/0,Odontogenic tumors,Ameloblastic fibroma,Preferred,,,
9330/0,Odontogenic tumors,Fibroameloblastoma,Synonym,,[obs],
9342/3,Odontogenic tumors,Odontogenic carcinosarcoma,Preferred,,,
9350/1,Miscellaneous tumors,Craniopharyngioma,Preferred,(C75.2),,
9370/1,Miscellaneous tumors,"Chordoma, NOS",Preferred,,,
9374.1/0,Miscellaneous tumors,Canine transmissible venereal tumor,Preferred,"(C30.0, C51._, C52._, C60._)",,
9375.1/3,Miscellaneous tumors,Combined carcinoma,Preferred,(C34._),,
"9380/3 ",Gliomas,"Glioma, NOS",Preferred,"(C71._, C72._)",,
9380.0/3,Gliomas,"Glioma, low grade",Preferred,"(C71._, C72._)",,
"9380.1/3 ",Gliomas,"Glioma, high grade",Preferred,"(C71._, C72._)",,
"9380.1/3 ",Gliomas,"Glioma, malignant",Synonym,"(C71._, C72._)",,
9382/3,Gliomas,"Oligoastrocytoma, NOS",Preferred,"(C71._, C72._)",,
9382/3,Gliomas,Mixed glioma,Synonym,"(C71._, C72._)",,
9382.0/3,Gliomas,"Oligoastrocytoma, low grade",Preferred,"(C71._, C72._)",,
9382.1/3,Gliomas,Anaplastic oligoastrocytoma,Preferred,"(C71._, C72._)",,
9384/1,Gliomas,Subependymal giant cell astrocytoma (SEGA),Preferred,(C71._),,
9390/0,Gliomas,Choroid plexus papilloma,Preferred,"(C71.5, C71.7)",,
9390/1,Gliomas,Atypical choroid plexus papilloma,Preferred,"(C71.5, C71.7)",,
9390/3,Gliomas,Choroid plexus carcinoma,Preferred,"(C71.5, C71.7)",,
9391/1,Gliomas,Cellular ependymoma,Preferred,"(C71._, C71.5, C72._)",,
9391.0/1,Gliomas,Clear cell ependymoma,Preferred,"(C71._, C71.5, C72._)",,
9391.1/1,Gliomas,Tanycytic ependymoma,Preferred,"(C71._, C71.5, C72._)",,
9392/3,Gliomas,Anaplastic ependymoma,Preferred,"(C71._, C71.5, C72._)",,
9393/1,Gliomas,Papillary ependymoma,Preferred,"(C71._, C71.5, C72._)",,
9395/1,Gliomas,Papillary tumor of pineal region,Preferred,(C75.3),,
9400/3,Gliomas,"Astrocytoma, NOS",Preferred,"(C71._, C72._)",,
9400/3,Gliomas,Astrocytic glioma,Synonym,"(C71._, C72._)",,
9400/3,Gliomas,Astroglioma,Synonym,"(C71._, C72._)",,
9400.0/3,Gliomas,Diffuse astrocytoma,Preferred,"(C71._, C72._)",,
9400.0/3,Gliomas,"Astrocytoma, low grade",Synonym,"(C71._, C72._)",,
9400.0/3,Gliomas,Gliomatosis cerebri,Related,"(C71._, C72._)",[obs],
9400.1/3,Gliomas,"Astrocytoma, low grade, compact",Preferred,"(C71._, C72._)",,
9400.2/3,Gliomas,"Astrocytoma, low grade, focally infiltrative",Preferred,"(C71._, C72._)",,
9401/3,Gliomas,"Astrocytoma, anaplastic",Preferred,"(C71._, C72._)",,
9401/3,Gliomas,"Astrocytoma, anaplastic, diffuse",Synonym,"(C71._, C72._)",,
9401.0/3,Gliomas,"Astrocytoma, anaplastic, compact",Preferred,"(C71._, C72._)",,
9401.1/3,Gliomas,"Astrocytoma, anaplastic, focally infiltrative",Preferred,"(C71._, C72._)",,
9410/3,Gliomas,Protoplasmic astrocytoma,Preferred,"(C71._, C72._)",,
9411/3,Gliomas,Gemistocytic astrocytoma,Preferred,"(C71._, C72._)",,
9420/3,Gliomas,Fibrillary astrocytoma,Preferred,"(C71._, C72._)",,
9420/3,Gliomas,Fibrous astrocytoma,Synonym,"(C71._, C72._)",,
9421/1,Gliomas,Pilocytic astrocytoma,Preferred,(C71._),,
9423/3,Gliomas,Spongioblastoma,Preferred,"(C71._, C72._)",,
9424/3,Gliomas,Pleomorphic xanthoastrocytoma,Preferred,(C71._),,
9424/3,Gliomas,Anaplastic pleomorphic xanthoastrocytoma,Related,(C71._),,
9430/3,Gliomas,Astroblastoma,Preferred,"(C71._, C72._)",,
9440/3,Gliomas,Glioblastoma,Preferred,"(C71._, C72._)",,
9440/3,Gliomas,Glioblastoma multiforme,Synonym,"(C71._, C72._)",,
9441/3,Gliomas,Giant cell glioblastoma,Preferred,"(C71._, C72._)",,
9442/3,Gliomas,Gliosarcoma,Preferred,"(C71._, C72._)",,
9442/3,Gliomas,Glioblastoma with sarcomatous component,Synonym,"(C71._, C72._)",,
9450/3,Gliomas,"Oligodendroglioma, NOS",Preferred,"(C71._, C72._)",,
9450.0/3,Gliomas,"Oligodendroglioma, low grade",Preferred,"(C71._, C72._)",,
9450.0/3,Gliomas,"Oligodendroglioma, low grade, compact",Related,"(C71._, C72._)",,
9450.0/3,Gliomas,"Oligodendroglioma, low grade, focally infiltrative",Related,"(C71._, C72._)",,
9450.0/3,Gliomas,"Oligodendroglioma, low grade, diffusely infiltrative",Related,"(C71._, C72._)",,
9451/3,Gliomas,"Oligodendroglioma, anaplastic",Preferred,"(C71._, C72._)",,
9451/3,Gliomas,"Oligodendroglioma, high grade",Synonym,"(C71._, C72._)",,
9451/3,Gliomas,"Oligodendroglioma, high grade, compact",Related,"(C71._, C72._)",,
9451/3,Gliomas,"Oligodendroglioma, high grade, focally infiltrative",Related,"(C71._, C72._)",,
9451/3,Gliomas,"Oligodendroglioma, high grade, diffusely infiltrative",Related,"(C71._, C72._)",,
9470/3,Gliomas,"Medulloblastoma, NOS",Preferred,(C71.6),,
9473/3,Gliomas,"CNS embryonal tumor, NOS",Preferred,,,
9473/3,Gliomas,"Primitive neuroectodermal tumor, NOS",Synonym,,,
9473/3,Gliomas,"PNET, NOS",Synonym,,,
9473/3,Gliomas,"Central primitive neuroectodermal tumor ",Related,,,
9473/3,Gliomas,CPNET,Synonym,,,
9490/1,Neuroepitheliomatous neoplasms,Ganglioneuroma,Preferred,(C47._),,
9490/3,Neuroepitheliomatous neoplasms,Ganglioneuroblastoma,Preferred,(C47._),,
9490/3,Neuroepitheliomatous neoplasms,CNS ganglioneuroblastoma,Related,,,
9491/0,Neuroepitheliomatous neoplasms,Ganglioneuromatosis,Preferred,,,
9492/1,Neuroepitheliomatous neoplasms,"Gangliocytoma, NOS",Preferred,,,
9500/3,Neuroepitheliomatous neoplasms,"Neuroblastoma, NOS",Preferred,,,
9500/3,Neuroepitheliomatous neoplasms,Central neuroblastoma,Synonym,(C71._),,
9500/3,Neuroepitheliomatous neoplasms,CNS neuroblastoma,Synonym,,,
9501/3,Neuroepitheliomatous neoplasms,Medulloepithelioma,Preferred,,,
9503/3,Neuroepitheliomatous neoplasms,"Neuroepithelioma, NOS",Preferred,(C30.0),,
9505/1,Neuroepitheliomatous neoplasms,"Ganglioglioma, NOS",Preferred,,,
9505/3,Neuroepitheliomatous neoplasms,"Ganglioglioma, anaplastic",Preferred,,,
9506/1,Neuroepitheliomatous neoplasms,Central neurocytoma,Preferred,,,
9506/1,Neuroepitheliomatous neoplasms,"Neurocytoma, NOS",Synonym,,,
9522/1,Neuroepitheliomatous neoplasms,Olfactory neuroblastoma,Preferred,(C30.0),,
9522/1,Neuroepitheliomatous neoplasms,Esthesioneuroblastoma,Synonym,(C30.0),,
9530.0/1,Meningiomas,"Meningioma, NOS",Preferred,,,
9530.1/1,Meningiomas,"Meningioma, NOS, WHO grade I",Preferred,,,
9530.2/1,Meningiomas,Microcystic meningioma,Preferred,,,
9530.3/1,Meningiomas,Secretory meningioma,Preferred,,,
9530/3,Meningiomas,"Meningioma, malignant; WHO grade III",Preferred,,,
9530/3,Meningiomas,"Meningioma, anaplastic",Synonym,,,
9530.0/3,Meningiomas,Papillary meningioma,Preferred,,,
9530.1/3,Meningiomas,Rhabdoid meningioma,Preferred,,,
9531/1,Meningiomas,Meningothelial meningioma,Preferred,,,
9532/1,Meningiomas,Fibrous meningioma,Preferred,,,
9532/1,Meningiomas,Fibroblastic meningioma,Synonym,,,
9533/1,Meningiomas,Psammomatous meningioma,Preferred,,,
9534/1,Meningiomas,Angiomatous meningioma,Preferred,,,
9534/1,Meningiomas,Angioblastic meningioma,Synonym,,,
9537/1,Meningiomas,Transitional meningioma,Preferred,,,
9537/1,Meningiomas,Mixed meningioma,Synonym,,,
9539/1,Meningiomas,"Meningioma, WHO grade II",Preferred,,,
9539/1,Meningiomas,Atypical meningioma,Synonym,,,
9539.1/1,Meningiomas,Clear cell meningioma,Preferred,,,
9539.2/1,Meningiomas,Chordoid meningioma,Preferred,,,
9539/3,Meningiomas,Meningeal sarcomatosis,Preferred,,,
9540/0,Nerve sheath tumors,"Neurofibroma, NOS",Preferred,,,
9540.0/0,Nerve sheath tumors,"Schwannoma, NOS",Preferred,,,
9540.1/1,Nerve sheath tumors,"Uveal Schwannoma of blue-eyed dogs ",Preferred,(C69.4),,
9540.1/1,Nerve sheath tumors,"Spindle cell tumor of blue-eyed dog ",Synonym,(C69.4),,
9540.2/3,Nerve sheath tumors,"Malignant peripheral nerve sheath tumor, NOS",Preferred,,,
9563/1,Nerve sheath tumors,"Nerve sheath tumor, NOS",Preferred,,,
9563/1,Nerve sheath tumors,Hybrid nerve sheath tumor,Related,,,
9571/1,Nerve sheath tumors,"Perineurioma, NOS",Preferred,,,
9571/1,Nerve sheath tumors,Intraneural perineurioma,Related,,,
9580/0,Granular cell tumors,"Granular cell tumor, NOS",Preferred,,,
9580/3,Granular cell tumors,"Granular cell tumor, malignant",Preferred,,,
9591/3,"Malignant lymphomas, NOS or diffuse","Malignant lymphoma (non-Hodgkin), NOS",Preferred,,,
9591/3,"Malignant lymphomas, NOS or diffuse",(Non-Hodgkin) Lymphoma,Synonym,,,
9591/3,"Malignant lymphomas, NOS or diffuse",Lymphosarcoma,Synonym,,[obs],
9591/3,"Malignant lymphomas, NOS or diffuse","Reticulum cell sarcoma, NOS",Synonym,,[obs],
9591.1/3,"Malignant lymphomas, NOS or diffuse","B-cell lymphoma, NOS",Preferred,,,
9671/3,Mature B-cell lymphomas,Lymphoplasmacytic lymphoma,Preferred,,,
9673/3,Mature B-cell lymphomas,Mantle cell lymphoma,Preferred,,,
9679/3,Mature B-cell lymphomas,Mediastinal large B-cell lymphoma,Preferred,,,
9679/3,Mature B-cell lymphomas,Primary mediastinal (thymic) B-cell lymphoma,Synonym,,,
9679/3,Mature B-cell lymphomas,Thymic B-cell lymphoma (mediastinal B),Synonym,,,
9679/3,Mature B-cell lymphomas,High-grade anaplastic/mediastinal B-cell lymphoma,Synonym,,,
9680/3,Mature B-cell lymphomas,Diffuse large B‐cell lymphoma (DLBCL),Preferred,,,
9680/3,Mature B-cell lymphomas,"Diffuse large B-cell (noncleaved, cleaved) lymphoma",Synonym,,,
9680/3,Mature B-cell lymphomas,"High-grade B-cell lymphoma, centroblastic monomorphic, diffuse subtype",Related,,,
9680/3,Mature B-cell lymphomas,High-grade B-cell lymphoma centroblastic polymorphic,Related,,,
9684/3,Mature B-cell lymphomas,Large cell immunoblastic lymphoma,Preferred,,,
9684/3,Mature B-cell lymphomas,"High-grade B-cell lymphoma, immunoblastic",Synonym,,,
9687/3,Mature B-cell lymphomas,"Burkitt’s lymphoma, NOS",Preferred,,,
9687/3,Mature B-cell lymphomas,Burkitt-type lymphoma,Synonym,,,
9687/3,Mature B-cell lymphomas,"High-grade B-cell lymphoma, Burkitt type",Synonym,,,
9687/3,Mature B-cell lymphomas,High grade B-cell lymphoma Burkitt's-like,Related,,,
9688/3,Mature B-cell lymphomas,T‐cell‐rich large B‐cell lymphoma,Preferred,,,
9688/3,Mature B-cell lymphomas,T‐cell‐rich B‐cell lymphoma,Synonym,,,
9689/3,Mature B-cell lymphomas,Splenic marginal zone B-cell lymphoma,Preferred,,,
9690/3,Mature B-cell lymphomas,"Follicular lymphoma, NOS",Preferred,,,
9690/3,Mature B-cell lymphomas,"Follicular (center cell) lymphoma, grade 1",Related,,,
9690/3,Mature B-cell lymphomas,"Follicular (center cell) lymphoma, grade 2",Related,,,
9690/3,Mature B-cell lymphomas,"Low-grade B-cell lymphoma, centroblastic-centrocytic, follicular",Related,,,
9690/3,Mature B-cell lymphomas,"Follicular (center cell) lymphoma, grade 3",Related,,,
9690/3,Mature B-cell lymphomas,"High-grade B-cell lymphoma, centroblastic monomorphic, follicular subtype",Synonym,,,
9699/3,Mature B-cell lymphomas,"Marginal zone lymphoma, NOS",Preferred,,,
9699.1/3,Mature B-cell lymphomas,Nodal marginal zone lymphoma,Preferred,,,
9699.2/3,Mature B-cell lymphomas,Extranodal marginal zone lymphoma of mucosa-associated lymphoid tissue type (MALT),Preferred,,,
9700/3,Mature T- and NK-cell lymphomas,Cutaneous epitheliotropic lymphoma,Preferred,,,
9700/3,Mature T- and NK-cell lymphomas,Mycosis fungoides,Synonym,,,
9700/3,Mature T- and NK-cell lymphomas,"Low-grade, cutaneous T-cell lymphoma",Related,,,
9701/3,Mature T- and NK-cell lymphomas,Sezary syndrome,Preferred,,,
9702/3,Mature T- and NK-cell lymphomas,"Peripheral T-cell lymphoma, NOS",Preferred,,,
9702/3,Mature T- and NK-cell lymphomas,"Mature T-cell lymphoma, NOS",Synonym,,,
9702/3,Mature T- and NK-cell lymphomas,"Peripheral T-cell lymphoma, mixed lymphoid type",Related,,,
9702/3,Mature T- and NK-cell lymphomas,"Peripheral T-cell lymphoma, mixed inflammatory type",Related,,,
9702/3,Mature T- and NK-cell lymphomas,"Low-grade, pleomorphic small cell lymphoma",Related,,,
9702/3,Mature T- and NK-cell lymphomas,"High-grade, pleomorphic medium and large cell (mixed) lymphoma",Related,,,
9702/3,Mature T- and NK-cell lymphomas,"High-grade, pleomorphic large cell lymphoma",Related,,,
9702/3,Mature T- and NK-cell lymphomas,"High-grade, plasmacytoid lymphoma",Related,,,
9702/3,Mature T- and NK-cell lymphomas,"High-grade, immunoblastic lymphoma",Related,,,
9702.1/3,Mature T- and NK-cell lymphomas,"T‐zone lymphoma (TZL), nodal",Preferred,,,
9702.1/3,Mature T- and NK-cell lymphomas,"Low-grade, small clear cell (T-zone) lymphoma",Synonym,,,
9702.1/3,Mature T- and NK-cell lymphomas,Mature (peripheral) nodal T-cell (T-zone) lymphoma,Synonym,,,
9705/3,Mature T- and NK-cell lymphomas,Angioimmunoblastic T‐cell lymphoma,Preferred,,,
9705/3,Mature T- and NK-cell lymphomas,Angioimmunoblastic lymphoma,Synonym,,,
9708/3,Mature T- and NK-cell lymphomas,Subcutaneous panniculitis–like T‐cell lymphoma,Preferred,,,
9712/3,Mature T- and NK-cell lymphomas,Intravascular large B-cell lymphoma,Preferred,,,
9712.1/3,Mature T- and NK-cell lymphomas,Intravascular large T-cell lymphoma,Preferred,,,
9712.2/3,Mature T- and NK-cell lymphomas,"Intravascular large cell lymphoma, non-B non-T",Preferred,,,
9714/3,Mature T- and NK-cell lymphomas,"Anaplastic large cell lymphoma (T-cell and null cell type), systemic",Preferred,,,
9714/3,Mature T- and NK-cell lymphomas,"Anaplastic large cell lymphoma, CD30 positive",Synonym,,,
9716/3,Mature T- and NK-cell lymphomas,γδ T‐cell lymphoma,Preferred,,,
9716/3,Mature T- and NK-cell lymphomas,Hepatosplenic T-cell lymphoma,Related,,,
9716/3,Mature T- and NK-cell lymphomas,Hepatocytotropic T-cell lymphoma,Related,,,
9717/3,Mature T- and NK-cell lymphomas,Intestinal T‐cell lymphoma (enteropathy associated),Preferred,,,
9718/3,Mature T- and NK-cell lymphomas,"Anaplastic large cell lymphoma (T-cell), cutaneous",Preferred,,,
9718/3,Mature T- and NK-cell lymphomas,Non-epitheliotropic cutaneous lymphoma,Synonym,,,
9718/3,Mature T- and NK-cell lymphomas,"High-grade, cutaneous T-cell lymphoma",Synonym,,,
9719/3,Mature T- and NK-cell lymphomas,Angiocentric T-cell lymphoma,Preferred,,,
9719/3,Mature T- and NK-cell lymphomas,Intravascular lymphoma (angiocentric),Synonym,,,
9727/3,Precursor cell lymphoblastic lymphomas,"Precursor cell lymphoblastic lymphoma, NOS",Preferred,,,
9732/3,Plasma cell neoplasms,Plasma cell myeloma,Preferred,,,
9732/3,Plasma cell neoplasms,Multiple myeloma,Synonym,,,
9734/0,Plasma cell neoplasms,"Plasmacytoma, extramedullary (cutaneous)",Preferred,(C44._),,
9734/0,Plasma cell neoplasms,Indolent plasmacytoma,Related,,,
9734/1,Plasma cell neoplasms,"Plasmacytoma, extramedullary (digestive tract)",Preferred,,,
9734/3,Plasma cell neoplasms,"Plasmacytoma, extramedullary (malignant)",Preferred,,,
9734/3,Plasma cell neoplasms,Anaplastic plasmacytoma,Synonym,,,
9735/3,Plasma cell neoplasms,Plasmablastic lymphoma,Preferred,,,
9740/1,Mast cell neoplasms,"Mast cell tumor, NOS",Preferred,,,
9740/1,Mast cell neoplasms,"Mastocytoma, NOS",Synonym,,[obs],
9740.0/1,Mast cell neoplasms,Subcutaneous mast cell tumor,Preferred,(C49._),,
9740.1/1,Mast cell neoplasms,Cutaneous mast cell tumor grade Patnaik I,Preferred,(C44._),,
9740.2/1,Mast cell neoplasms,Cutaneous mast cell tumor grade Patnaik II,Preferred,(C44._),,
9740.3/1,Mast cell neoplasms,Cutaneous mast cell tumor grade Patnaik III,Preferred,(C44._),,
9740.4/1,Mast cell neoplasms,Cutaneous mast cell tumor grade Kiupel low,Preferred,(C44._),,
9740.5/1,Mast cell neoplasms,Cutaneous mast cell tumor grade Kiupel high,Preferred,(C44._),,
9740.6/1,Mast cell neoplasms,"Cutaneous mast cell tumor grade Patnaik I, Kiupel low",Preferred,(C44._),,
9740.7/1,Mast cell neoplasms,"Cutaneous mast cell tumor grade Patnaik II, Kiupel low",Preferred,(C44._),,
9740.8/1,Mast cell neoplasms,"Cutaneous mast cell tumor grade Patnaik II, Kiupel high",Preferred,(C44._),,
9740.9/1,Mast cell neoplasms,"Cutaneous mast cell tumor grade Patnaik III, Kiupel high",Preferred,(C44._),,
9741.1/3,Mast cell neoplasms,"Systemic mastocytosis, NOS",Preferred,,,
9741.1/3,Mast cell neoplasms,Systemic (extracutaneous) mast cell tumor,Synonym,,,
9741.1/3,Mast cell neoplasms,Visceral mastocytosis,Synonym,,,
9741.1/3,Mast cell neoplasms,Mast cell leukemia,Related,,,
9751/1,Neoplasms of histiocytes and accessory lymphoid cells,Cutaneous Langerhans cell histiocytosis,Preferred,(C44._),,
9751.1/0,Neoplasms of histiocytes and accessory lymphoid cells,Canine cutaneous histiocytoma,Preferred,,,
9751/3,Neoplasms of histiocytes and accessory lymphoid cells,"Cutaneous Langerhans cell histiocytosis (disseminated, systemic)",Preferred,,,
9755/3,Neoplasms of histiocytes and accessory lymphoid cells,Histiocytic sarcoma,Preferred,,,
9755/3,Neoplasms of histiocytes and accessory lymphoid cells,Malignant histiocytosis,Synonym,,[obs],
9755/3,Neoplasms of histiocytes and accessory lymphoid cells,Hemophagocytic histiocytic sarcoma,Related,,,
9766/1,Immunoproliferative diseases,"Lymphomatoid granulomatosis ",Preferred,,,
9766/1,Immunoproliferative diseases,Angiocentric B‐cell lymphoma (with reactive T-cells),Synonym,,,
9811/3,Lymphoid leukemias,B-cell lymphoblastic leukemia/lymphoma,Preferred,,,
9811/3,Lymphoid leukemias,Precursor B-cell lymphoblastic leukemia/lymphoma,Synonym,,,
9811/3,Lymphoid leukemias,Acute B-cell lymphoblastic leukemia,Synonym,,,
9823/3,Lymphoid leukemias,B-cell chronic lymphocytic leukemia/small (cell) lymphocytic lymphoma,Preferred,,,
9823/3,Lymphoid leukemias,B-cell lymphocytic lymphoma intermediate type (LLI),Related,,,
9831/3,Lymphoid leukemias,T-cell large granular lymphocytic (LGL) leukemia/lymphoma,Preferred,,,
9831/3,Lymphoid leukemias,NK-cell large granular lymphocytic leukemia,Related,,,
9831.1/3,Lymphoid leukemias,T-cell chronic lymphocytic leukemia/small (cell) lymphocytic lymphoma,Preferred,,,
9832/3,Lymphoid leukemias,"Prolymphocytic leukemia, NOS",Preferred,,,
9833/3,Lymphoid leukemias,B-cell prolymphocytic leukemia,Preferred,,,
9834/3,Lymphoid leukemias,T-cell prolymphocytic leukemia,Preferred,,,
9835/3,Lymphoid leukemias,"Precursor cell lymphoblastic leukemia, NOS",Preferred,,,
9835/3,Lymphoid leukemias,"Acute lymphoblastic leukemia, NOS",Synonym,,,
9835/3,Lymphoid leukemias,"Acute lymphoblastic leukemia-lymphoma, NOS",Synonym,,,
9835/3,Lymphoid leukemias,"Lymphoblastic leukemia, NOS",Synonym,,,
9835/3,Lymphoid leukemias,Acute lymphatic leukemia,Synonym,,[obs],
9837/3,Lymphoid leukemias,T-cell lymphoblastic lymphoma (LBL)/leukemia,Preferred,,,
9837/3,Lymphoid leukemias,Acute (T-cell) lymphoblastic leukemia,Synonym,,,
9837/3,Lymphoid leukemias,Precursor T-cell lymphoblastic lymphoma/leukemia,Synonym,,,
9840/3,Myeloid leukemias,Acute erythroid leukemia,Preferred,,,
9840/3,Myeloid leukemias,(Acute) Erythroleukemia,Synonym,,,
9840/3,Myeloid leukemias,FAB M6 (M6A or M6B),Synonym,,,
9860/3,Myeloid leukemias,"Myeloid leukemia, NOS",Preferred,,,
9861/3,Myeloid leukemias,"Acute myeloid leukemia, NOS",Preferred,,,
9863/3,Myeloid leukemias,"Chronic myeloid leukemia, NOS",Preferred,,,
9866/3,Myeloid leukemias,"Acute promyelocytic leukemia, NOS",Preferred,,,
9866/3,Myeloid leukemias,FAB M3,Synonym,,,
9867/3,Myeloid leukemias,"Acute myelomonocytic leukemia, NOS",Preferred,,,
9867/3,Myeloid leukemias,FAB M4,Synonym,,,
9872/3,Myeloid leukemias,"Acute myeloid leukemia, minimal differentiation",Preferred,,,
9872/3,Myeloid leukemias,Acute myeloblastic leukemia,Synonym,,,
9872/3,Myeloid leukemias,FAB M0,Synonym,,,
9873/3,Myeloid leukemias,Acute myeloid leukemia without maturation,Preferred,,,
9873/3,Myeloid leukemias,FAB M1,Synonym,,,
9874/3,Myeloid leukemias,Acute myeloid leukemia with maturation,Preferred,,,
9874/3,Myeloid leukemias,"FAB M2, NOS",Synonym,,,
9876/3,Myeloid leukemias,Atypical chronic myeloid leukemia,Preferred,,,
9891/3,Myeloid leukemias,Acute monocytic leukemia,Preferred,,,
9891/3,Myeloid leukemias,"Monoblastic leukemia, NOS",Synonym,,,
9891/3,Myeloid leukemias,Acute monoblastic leukemia,Synonym,,,
9891/3,Myeloid leukemias,FAB M5,Synonym,,,
9910/3,Myeloid leukemias,Acute megakaryoblastic leukemia,Preferred,,,
9910/3,Myeloid leukemias,Megakaryocytic leukemia,Synonym,,,
9910/3,Myeloid leukemias,FAB M7,Synonym,,,
9930/3,Myeloid leukemias,Myeloid sarcoma,Preferred,,,
9930/3,Myeloid leukemias,Chloroma,Synonym,,,
9931/3,Myeloid leukemias,Acute panmyelosis with myelofibrosis,Preferred,,,
9945/3,Other leukemias,"Chronic myelomonocytic leukemia, NOS",Preferred,,,
9946/3,Other leukemias,"Juvenile myelomonocytic leukemia, NOS",Preferred,,,
9950/3,Myeloproliferative neoplasms,Polycythemia vera,Preferred,,,
9960/3,Myeloproliferative neoplasms,"Myeloproliferative neoplasm, NOS",Preferred,,,
9961/3,Myeloproliferative neoplasms,Primary myelofibrosis,Preferred,,,
9964/3,Myeloproliferative neoplasms,Chronic eosinophilic leukemia,Preferred,,,
9964/3,Myeloproliferative neoplasms,Hypereosinophilic syndrome,Synonym,,,
9980/3,Myelodysplastic syndromes,Myelodysplastic syndrome with single lineage dysplasia,Preferred,,,
9980/3,Myelodysplastic syndromes,"Refractory anemia, NOS",Synonym,,,
9982/3,Myelodysplastic syndromes,Myelodysplastic syndrome with ring sideroblasts and single lineage dysplasia,Preferred,,,
9983/3,Myelodysplastic syndromes,"Refractory anemia with excess blasts, NOS",Preferred,,,
9985/3,Myelodysplastic syndromes,Refractory cytopenia with multilineage dysplasia,Preferred,,,
9989/3,Myelodysplastic syndromes,"Myelodysplastic syndrome, unclassifiable",Preferred,,,
9993/3,Myelodysplastic syndromes,Myelodysplastic syndrome with ring sideroblasts and multilineage dysplasia,Preferred,,,